date,ensemble_raw_ret,ensemble_capped_ret,exposure_scalar
2024-06-07,0.0,0.0,1.0
2024-06-08,-0.003951408191588187,-0.003951408191588187,1.0
2024-06-09,0.0018933147378929337,0.0018933147378929337,1.0
2024-06-10,-0.006032131584964365,-0.006032131584964365,1.0
2024-06-11,-0.026808582909647567,-0.026808582909647567,1.0
2024-06-12,0.016833327019344032,0.016833327019344032,1.0
2024-06-13,-0.013370478829091911,-0.013370478829091911,1.0
2024-06-14,-0.003418800557642239,-0.003418800557642239,1.0
2024-06-15,0.0098189986404021,0.0098189986404021,1.0
2024-06-16,0.005806461207575923,0.005806461207575923,1.0
2024-06-17,-0.017013829861388958,-0.011534300130963045,0.677936727058667
2024-06-18,-0.01216313933814094,-0.008049355737118949,0.6617827448443291
2024-06-19,0.002694213711409538,0.0018203674365208679,0.6756581442711543
2024-06-20,-0.0014901373986246915,-0.001034679331624671,0.694351629976953
2024-06-21,-0.0012388854912791514,-0.0008916727925602615,0.7197378602275888
2024-06-22,-0.0009849447121993316,-0.0007328501654969426,0.744052083756585
2024-06-23,-0.003883020764694632,-0.002979711854213098,0.7673695390211049
2024-06-24,-0.005889132021923478,-0.004657398777984474,0.7908463863004549
2024-06-25,0.005209019611859923,0.004229938269553746,0.8120411487649231
2024-06-26,-0.003007985257988118,-0.0024600314231330617,0.8178336036056394
2024-06-27,0.005422275837847748,0.004549686701668634,0.8390732669687514
2024-06-28,-0.007525766976143811,-0.0062111870508304015,0.8253227970676554
2024-06-29,7.241221463760341e-05,5.9404330731583676e-05,0.8203634017945809
2024-06-30,0.0068516995871152455,0.00564215552651872,0.8234680249450668
2024-07-01,-0.0004366053794109519,-0.000352275576070472,0.8068512040455071
2024-07-02,0.0014091620831652015,0.0013956998967103633,0.9904466728024643
2024-07-03,-0.011535961288182657,-0.011535961288182657,1.0
2024-07-04,-0.010724443722889741,-0.010724443722889741,1.0
2024-07-05,-0.0013467439284545431,-0.0013467439284545431,1.0
2024-07-06,0.0037335346420440865,0.0037335346420440865,1.0
2024-07-07,-0.007722410484109428,-0.007722410484109428,1.0
2024-07-08,0.002847279602463095,0.002847279602463095,1.0
2024-07-09,0.002796989019473097,0.002796989019473097,1.0
2024-07-10,0.0014230415246556955,0.0014230415246556955,1.0
2024-07-11,-9.93908024719085e-05,-9.93908024719085e-05,1.0
2024-07-12,0.0033700751423397794,0.0033700751423397794,1.0
2024-07-13,0.0019335953228331445,0.0019335953228331445,1.0
2024-07-14,0.006011613683392889,0.006011613683392889,1.0
2024-07-15,0.01008908244235805,0.01008908244235805,1.0
2024-07-16,0.003885884098814716,0.003885884098814716,1.0
2024-07-17,0.002799966457093193,0.002799966457093193,1.0
2024-07-18,-0.009159016366195228,-0.009159016366195228,1.0
2024-07-19,0.006018043485392456,0.006018043485392456,1.0
2024-07-20,0.005521854992276507,0.005521854992276507,1.0
2024-07-21,0.015733639508459154,0.015733639508459154,1.0
2024-07-22,-0.024603549547208895,-0.024603549547208895,1.0
2024-07-23,-0.0149340712704916,-0.013446093801741351,0.9003635752234316
2024-07-24,-0.006366754487075309,-0.00557047008526719,0.874930876724617
2024-07-25,-0.007272786523862051,-0.006515395838819997,0.8958596292415499
2024-07-26,0.015722820339129515,0.01385960927776907,0.8814963841618507
2024-07-27,-0.003399471554509531,-0.0027998382413969344,0.8236098453840098
2024-07-28,-0.005221207281553563,-0.004363687277832886,0.8357621221531885
2024-07-29,-0.0004974665890855801,-0.00041275355668329275,0.8297111117391764
2024-07-30,-0.00036073694928771697,-0.0002998704328987254,0.8312717438311384
2024-07-31,-0.005522332758356538,-0.004592984178170559,0.8317108691467995
2024-08-01,-0.0072452934121502695,-0.005978268891069545,0.8251244706037798
2024-08-02,-0.01918557813601671,-0.015705799930713325,0.8186253142525393
2024-08-03,-0.007728460148131969,-0.00585765968223688,0.7579336077255602
2024-08-04,-0.011184846682535011,-0.008553519268376004,0.7647417538348747
2024-08-05,-0.007335388871201547,-0.005761097481239525,0.7853840583499767
2024-08-06,0.009393491839895952,0.007470590612667749,0.7952943101455335
2024-08-07,0.008153593291172002,0.006272857089833341,0.7693365202094447
2024-08-08,0.017627062342895346,0.013240828268179145,0.7511647721332256
2024-08-09,0.0017192213775085844,0.0012018579372662314,0.6990710754236362
2024-08-10,0.00040470657086451225,0.0002855787574751522,0.7056439851349938
2024-08-11,-0.01210647081593561,-0.009196861220358581,0.7596649230139685
2024-08-12,0.007520581635599929,0.006304150032032237,0.8382529885973832
2024-08-13,0.0012742940346455662,0.0010893125467925837,0.8548361031098812
2024-08-14,-0.0035591736764636096,-0.003057683696121437,0.8590993230652199
2024-08-15,-0.00018596499568254883,-0.00016129237693493978,0.8673265435946537
2024-08-16,-0.0003013020267690755,-0.0002884885419049405,0.9574729549564049
2024-08-17,0.003679236615828328,0.0035232230547277733,0.9575962142719027
2024-08-18,-0.002644349415461315,-0.0025201761149162166,0.9530420224274953
2024-08-19,0.004897027113632781,0.004665263719749768,0.9526726341298357
2024-08-20,0.007785567376353259,0.007318172099802633,0.9399664463799743
2024-08-21,-0.002741781377763701,-0.0025313558917769863,0.9232522739802305
2024-08-22,0.0008424053499824095,0.000789276720450995,0.9369322268281843
2024-08-23,0.008404775969304439,0.008404775969304439,1.0
2024-08-24,0.0012390762544953083,0.0012390762544953083,1.0
2024-08-25,-0.012875035397967902,-0.012875035397967902,1.0
2024-08-26,-0.026168035255927983,-0.026168035255927983,1.0
2024-08-27,-0.012112163912996387,-0.010522646913662248,0.8687668850296368
2024-08-28,-0.004057689165228615,-0.003456364093463481,0.8518060286830139
2024-08-29,-0.0014933367486737945,-0.0014303227967527074,0.9578032537021213
2024-08-30,0.0009196201313612117,0.0008853613042572694,0.9627467625646333
2024-08-31,-0.0036653508885842886,-0.0035250415640858076,0.9617200838982501
2024-09-01,-0.011030109800212844,-0.011030109800212844,1.0
2024-09-02,0.001467922492801601,0.001467922492801601,1.0
2024-09-03,-0.005549424023719104,-0.005549424023719104,1.0
2024-09-04,0.0011509373085247616,0.0011509373085247616,1.0
2024-09-05,-0.003703272001549246,-0.0036997031013551772,0.9990362846173395
2024-09-06,-0.0015956298170459217,-0.0015956298170459217,1.0
2024-09-07,0.0017539552920076435,0.0017539552920076435,1.0
2024-09-08,0.0006405500208924368,0.0006405500208924368,1.0
2024-09-09,0.0006007574768185957,0.0006007574768185957,1.0
2024-09-10,0.0011886797137331912,0.0011886797137331912,1.0
2024-09-11,-0.001175499405108153,-0.001175499405108153,1.0
2024-09-12,0.0002420785995815431,0.0002420785995815431,1.0
2024-09-13,0.0018562577726972988,0.0018562577726972988,1.0
2024-09-14,0.0006188947211831034,0.0006188947211831034,1.0
2024-09-15,-0.003070789740385949,-0.003070789740385949,1.0
2024-09-16,-0.0004356669273019678,-0.0004356669273019678,1.0
2024-09-17,0.000828967665549916,0.000828967665549916,1.0
2024-09-18,0.0023807342939221716,0.0023807342939221716,1.0
2024-09-19,0.011643625257505334,0.011643625257505334,1.0
2024-09-20,0.006835139802185137,0.006835139802185137,1.0
2024-09-21,0.013938525620994199,0.013938525620994199,1.0
2024-09-22,-0.01572437269943672,-0.01572437269943672,1.0
2024-09-23,0.0016692233047175106,0.0016692233047175106,1.0
2024-09-24,0.02147815323730064,0.02147815323730064,1.0
2024-09-25,-0.012610586994577391,-0.012610586994577391,1.0
2024-09-26,0.027470601229931293,0.027470601229931293,1.0
2024-09-27,0.01567151099795661,0.012802650340863515,0.8169378397866573
2024-09-28,-0.005704024315905776,-0.004482394290712806,0.7858301512168466
2024-09-29,-0.007940782716209087,-0.0061230079958432505,0.7710836846529862
2024-09-30,-0.046547897022666505,-0.034921642633102254,0.7502302975384076
2024-10-01,-0.05129640861528661,-0.02677785263980911,0.5220219770284106
2024-10-02,-0.01075706335487106,-0.004487032650405356,0.4171243119409089
2024-10-03,0.00523728832277225,0.002174338053552938,0.41516485622888094
2024-10-04,0.016213594394289908,0.0067124717963241085,0.41400269632303754
2024-10-05,-0.008535659663513254,-0.0034571207860137633,0.4050209265947726
2024-10-06,0.008642807513441333,0.0034900512400902924,0.40380990027401964
2024-10-07,-0.0018281535697098129,-0.0007332375133913338,0.4010809187697083
2024-10-08,0.003974820615221061,0.0015947346486973402,0.401209212458673
2024-10-09,-0.01870954919701542,-0.007499226481966701,0.4008234727089518
2024-10-10,-0.0019821992080219547,-0.000790254722380574,0.398675733085966
2024-10-11,0.016717781957783256,0.0067076024343517265,0.4012256201983113
2024-10-12,0.015620156113910896,0.006225269931537391,0.39854082674585634
2024-10-13,-0.007996001433494855,-0.003156386065344208,0.39474556021491725
2024-10-14,0.01250281953557568,0.004927847702322991,0.39413891309086174
2024-10-15,-0.0038908430496115767,-0.001568251161993885,0.4030620464504328
2024-10-16,-0.005847949767959354,-0.0023731634387629316,0.40581118732677635
2024-10-17,-0.011896455545016027,-0.005154702296052726,0.4332973192349101
2024-10-18,0.014832095563564374,0.006606652612939869,0.44542947991579634
2024-10-19,0.006214949504379783,0.0026873712917297836,0.4324043646430186
2024-10-20,0.02196025544204146,0.009435987113334054,0.4296847611011609
2024-10-21,-0.020651938805701,-0.010023669024106051,0.4853621308106434
2024-10-22,0.0004683727802580016,0.00030104929300050484,0.6427557400638714
2024-10-23,-0.009739744082481523,-0.006429784656350516,0.6601595074675016
2024-10-24,0.016030383553718233,0.010369113135853744,0.6468412375228937
2024-10-25,-0.056767079085495685,-0.036753176896072395,0.6474382245512266
2024-10-26,0.008523795314564552,0.003832218869586365,0.44959067271808817
2024-10-27,0.018759496158798624,0.008435691843532957,0.44967582136135514
2024-10-28,0.02156025302333744,0.009411053171884195,0.4365001264919015
2024-10-29,0.025245368812033226,0.01066543676394706,0.42247102204596715
2024-10-30,-0.019004808994974504,-0.007959211657237298,0.4187998763545572
2024-10-31,-0.0316601487160893,-0.012859072065037842,0.406159559778158
2024-11-01,-0.00242276954405914,-0.0009345610776144716,0.38574080638668407
2024-11-02,-0.005803162961205856,-0.0022751603395014465,0.3920552213871803
2024-11-03,-0.015395641676233909,-0.006045478110525714,0.39267464375051386
2024-11-04,-0.01388031547915647,-0.0054567423926759,0.3931281245638889
2024-11-05,0.016375888312170964,0.006388716790866469,0.3901294799451103
2024-11-06,0.050130488884483904,0.019157770665516986,0.38215806571650224
2024-11-07,0.008317528920556065,0.0028034912350993757,0.33705818902183626
2024-11-08,0.019074959227516394,0.006470280055890349,0.3392028249558044
2024-11-09,0.035500763374578505,0.011880364407809808,0.33465095616273804
2024-11-10,0.06338425852397502,0.02054431737084218,0.32412333675988836
2024-11-11,0.09447156170501535,0.027454479663629038,0.2906110491679479
2024-11-12,-0.03530113279814344,-0.0083813352200619,0.23742397355879444
2024-11-13,-0.01937486375164175,-0.004432208411705114,0.22876075251520395
2024-11-14,-0.035523578002358905,-0.007999446255693224,0.22518695203399922
2024-11-15,0.06851406842517428,0.016224326437474977,0.23680284663278928
2024-11-16,0.07046471520323443,0.015545870383655819,0.22061921826858163
2024-11-17,-0.02094064711628754,-0.004351328710230468,0.20779342138123444
2024-11-18,0.0503510539278005,0.010260545310334488,0.20378014976702002
2024-11-19,-0.004770554414721896,-0.0009525608023489668,0.19967507328065917
2024-11-20,-0.0023845225882793094,-0.0004819570448865531,0.20211888419741797
2024-11-21,0.04714718138671611,0.00984303177116713,0.2087724330842064
2024-11-22,0.11114158642635218,0.02299931096945082,0.20693704048116393
2024-11-23,0.08874414721943313,0.016401458239731128,0.18481735138178834
2024-11-24,0.012316737827163098,0.002215160585708233,0.1798496173900008
2024-11-25,-0.07217302306786239,-0.013266105320708689,0.18380974991493595
2024-11-26,-0.00039637376481898554,-6.45354180164674e-05,0.16281455470681616
2024-11-27,0.058691994462981456,0.009552545916296031,0.1627572210435116
2024-11-28,0.008028849238469445,0.0012951460338970816,0.16131153985200222
2024-11-29,0.07366508778799169,0.011848222556450233,0.16083904753564468
2024-11-30,0.028384224085713936,0.004467156654904347,0.1573816723477994
2024-12-01,0.04782786859976079,0.007629615771121038,0.15952238714562322
2024-12-02,0.08897805640213492,0.014871830763177786,0.16714043174830412
2024-12-03,0.02397906771489193,0.004007749379151589,0.1671353293131835
2024-12-04,-0.013197396780202502,-0.002270734292499085,0.17205925761855
2024-12-05,-0.027120295283752954,-0.004815836218008079,0.17757314836070823
2024-12-06,0.053084670719062504,0.009201167360745898,0.17333002609059783
2024-12-07,0.001909282643214022,0.0003357735647822668,0.17586372870233444
2024-12-08,0.02460682168508456,0.004423989598046122,0.17978711979400924
2024-12-09,-0.15504840302618672,-0.028054500853798684,0.1809402761088771
2024-12-10,-0.0006447378076270566,-8.631534158501127e-05,0.1338766558497523
2024-12-11,0.07071788857256191,0.009472619048670847,0.13394940431445748
2024-12-12,0.024410877684315713,0.0032276409762158325,0.13222142267705644
2024-12-13,0.002294678675630824,0.00032342421525514124,0.1409453178302751
2024-12-14,-0.02862446385196435,-0.0042198519021352295,0.14742116826917068
2024-12-15,0.024881407087458066,0.0036171184474349,0.145374352612806
2024-12-16,-0.02773922860233462,-0.004302613554477862,0.15510934410467855
2024-12-17,-0.009861598668139883,-0.0015067220264801476,0.15278679220114205
2024-12-18,-0.10516279344370331,-0.016327583425927907,0.15526007717423876
2024-12-19,-0.09404438001350247,-0.013064838239979903,0.1389220518876738
2024-12-20,0.03392573166794839,0.00458410112589,0.13512165841424922
2024-12-21,-0.040514806429525076,-0.005458978378364562,0.13474032975723027
2024-12-22,0.0013186428087141524,0.0001798173672688624,0.13636548584692745
2024-12-23,0.04058708205014999,0.0059871425352462865,0.1475135001784185
2024-12-24,0.029709422741955423,0.004327198679930154,0.1456507155158998
2024-12-25,-0.008017116186466848,-0.0011521566152653206,0.14371210151727604
2024-12-26,-0.05077830525424761,-0.007318520216443392,0.14412690970680234
2024-12-27,-0.00851231187384902,-0.0012531380184520938,0.1472147680939539
2024-12-28,0.016680144994059145,0.002460193432690634,0.1474923289675758
2024-12-29,-0.020313912349384348,-0.003010779978884335,0.14821270896029945
2024-12-30,-0.004299596772607499,-0.0008021512204533607,0.18656429029899343
2024-12-31,-0.0036826029705280838,-0.0006874042947817885,0.18666261345116303
2025-01-01,0.03325668248538735,0.006859604040887633,0.20626242692432334
2025-01-02,0.011079581168307416,0.0022578986421112187,0.20378916926659862
2025-01-03,0.029147416170674626,0.005909555427878195,0.20274714551967152
2025-01-04,-0.0014451699106660498,-0.0002878799904368915,0.1992014837232623
2025-01-05,-0.005517151666129251,-0.0011181305204113596,0.20266445225273694
2025-01-06,0.00870768447462464,0.0017756167821567643,0.2039137714889819
2025-01-07,-0.05125475851576522,-0.010407445766448685,0.2030532592061185
2025-01-08,-0.00820710310632357,-0.0019398609452813732,0.23636366208031565
2025-01-09,-0.0149082265302566,-0.00448155667083715,0.30060964406072876
2025-01-10,0.013143429151823816,0.004110634571286739,0.3127520621752153
2025-01-11,0.009008631310182093,0.002983079389354224,0.33113569493987055
2025-01-12,-0.009305260679316755,-0.00307157869988937,0.33009055906587487
2025-01-13,-0.008714334407789575,-0.0031065152763100827,0.3564833676262445
2025-01-14,0.01650052170592579,0.00621703074206682,0.3767778287782327
2025-01-15,0.04061141055272019,0.014994527598454361,0.369219571405653
2025-01-16,0.0016003994672269338,0.0006225094051939469,0.38897126495086254
2025-01-17,0.0218761659685477,0.008571199633083348,0.3918053851578256
2025-01-18,-0.034515730869327244,-0.013380983218575539,0.38767781766622494
2025-01-19,-0.03636684640579537,-0.013420482745166601,0.36903069887929385
2025-01-20,0.012273116212489167,0.004216814732264521,0.3435814229456635
2025-01-21,0.006735398418904598,0.002302419280893058,0.34183861706394925
2025-01-22,-0.014382040226406247,-0.005173895241832182,0.3597469594287892
2025-01-23,0.0008533909295823094,0.0003061572815130701,0.35875384996524184
2025-01-24,-0.0030931862567354956,-0.0011698357881095034,0.3781976547846593
2025-01-25,0.0027749027958048644,0.0010495494955269082,0.3782292832432298
2025-01-26,-0.016982359332752387,-0.006416011213655762,0.37780446685530694
2025-01-27,-0.0037297238291007576,-0.001404261568721356,0.3765055090043827
2025-01-28,-0.0177062828463601,-0.00782353055461635,0.4418505353439918
2025-01-29,0.01022228117265102,0.004440700486800265,0.43441384675282074
2025-01-30,0.02360335511531274,0.010303482372110958,0.43652617696822876
2025-01-31,-0.005392444998481087,-0.0022862982940555143,0.4239817549737653
2025-02-01,-0.030717506832922386,-0.013081609508537435,0.4258682053752109
2025-02-02,-0.03402469488997591,-0.013700630079838664,0.40266724284058275
2025-02-03,0.012991698888395582,0.004928749453479959,0.3793768232946352
2025-02-04,-0.021310303562496937,-0.008144326006120549,0.3821778503640553
2025-02-05,-0.009117707645911391,-0.003922428806472994,0.4301990104093663
2025-02-06,-0.006134294028947956,-0.002650824052739509,0.4321318867713504
2025-02-07,0.0016233370286617222,0.0007522689627955576,0.4634089837867664
2025-02-08,0.0028269025384698126,0.0013926686465850048,0.4926482705480356
2025-02-09,-0.0014727630167558163,-0.0007989223781607816,0.5424649920396818
2025-02-10,0.009610380891738294,0.005396622177381502,0.5615409251906746
2025-02-11,-0.002374505888808402,-0.001320603955861706,0.5561594780985886
2025-02-12,0.010673696632914101,0.006003584191025699,0.562465319888581
2025-02-13,-0.0017876623853499863,-0.0009813250323098945,0.548943156354309
2025-02-14,0.004905038930388687,0.002691373994064197,0.5486957457952176
2025-02-15,0.0005125132399151836,0.00028010750679026663,0.5465371135321733
2025-02-16,-0.0055919990298267845,-0.0031225559010157116,0.5583970748851211
2025-02-17,-0.0027193868943532298,-0.0015172302546998468,0.5579310019660516
2025-02-18,-0.005703968678970702,-0.003278807011124672,0.5748290700145188
2025-02-19,0.007307588623300744,0.004290201107397468,0.5870884813791885
2025-02-20,0.0012505070340853872,0.0008066640169876255,0.6450695557883163
2025-02-21,-0.009646447487990246,-0.006201009311569736,0.6428282867127971
2025-02-22,0.0022163659402777668,0.0016381766143279393,0.7391273185341561
2025-02-23,0.001104702210313972,0.001104702210313972,1.0
2025-02-24,-0.01975186228453151,-0.01975186228453151,1.0
2025-02-25,-0.002096191918720791,-0.002096191918720791,1.0
2025-02-26,-0.0020392593937313855,-0.0020392593937313855,1.0
2025-02-27,0.0003704745403962318,0.0003704745403962318,1.0
2025-02-28,0.00016249045712463654,0.00016249045712463654,1.0
2025-03-01,0.0027003741911702903,0.0027003741911702903,1.0
2025-03-02,0.02115973466399668,0.02115973466399668,1.0
2025-03-03,-0.04363199290259773,-0.04363199290259773,1.0
2025-03-04,0.007844095396453895,0.004993717466660498,0.6366212054124207
2025-03-05,0.005226749866246834,0.0033631876062140058,0.6434567737654157
2025-03-06,-0.0048489248591379605,-0.003093115687465128,0.6378972199653802
2025-03-07,-0.01126232994907836,-0.007233109448015568,0.6422391708216185
2025-03-08,-0.0025439904149798854,-0.0016162968405297972,0.6353392021496971
2025-03-09,-0.015872582011739234,-0.010097043879756911,0.6361311519631285
2025-03-10,-0.004725892329303532,-0.00292864664746697,0.6197023637858826
2025-03-11,0.004376821691303594,0.00271384573713466,0.6200494168009772
2025-03-12,0.0014059059640779213,0.0008792112400855594,0.6253698771825039
2025-03-13,-0.0009669855975934803,-0.0006045798929004428,0.6252211970944034
2025-03-14,0.0027928124884146386,0.0017559681845692283,0.6287454642420398
2025-03-15,0.000755938670610227,0.0004748062877378135,0.6281015989756535
2025-03-16,-0.006599855625547945,-0.0041472172004544785,0.6283799882531764
2025-03-17,0.0011379309693297297,0.0007487976353992578,0.6580343233301038
2025-03-18,0.0013765793936211862,0.0009039597686808511,0.656671001229303
2025-03-19,0.0024419107085789245,0.0016000732910068506,0.655254627200524
2025-03-20,-0.004462692529907005,-0.002917029753142657,0.6536479341998143
2025-03-21,-0.0007444591209268695,-0.0004865510700438153,0.6535631794504009
2025-03-22,-5.512647605645514e-05,-3.616915641689382e-05,0.6561122532093818
2025-03-23,-0.00021093818333932281,-0.00015464912875264245,0.7331490501360214
2025-03-24,0.0010777495490295998,0.0010777495490295998,1.0
2025-03-25,-0.0002455774300674544,-0.0002455774300674544,1.0
2025-03-26,-0.003270274445982626,-0.003270274445982626,1.0
2025-03-27,0.0005641336679330682,0.0005641336679330682,1.0
2025-03-28,-0.01618647343867549,-0.01618647343867549,1.0
2025-03-29,-0.002309035788511891,-0.002309035788511891,1.0
2025-03-30,-0.0014414240140789884,-0.0014414240140789884,1.0
2025-03-31,0.0027022780870969323,0.0027022780870969323,1.0
2025-04-01,0.0031759176258162602,0.0031759176258162602,1.0
2025-04-02,-0.00689424759715591,-0.00689424759715591,1.0
2025-04-03,0.0032182856665674726,0.0032182856665674726,1.0
2025-04-04,-2.8451580517145143e-05,-2.8451580517145143e-05,1.0
2025-04-05,-0.00035651572021060026,-0.00035651572021060026,1.0
2025-04-06,-0.009409495870267978,-0.009409495870267978,1.0
2025-04-07,0.0025877689972595005,0.0025877689972595005,1.0
2025-04-08,-1.3999377607287741e-05,-1.3999377607287741e-05,1.0
2025-04-09,0.00615275737585328,0.00615275737585328,1.0
2025-04-10,0.0005665556165209605,0.0005665556165209605,1.0
2025-04-11,0.007581105371238235,0.007581105371238235,1.0
2025-04-12,0.0044365706430034456,0.0044365706430034456,1.0
2025-04-13,-0.002546591650269094,-0.002546591650269094,1.0
2025-04-14,-0.002105579569525184,-0.002105579569525184,1.0
2025-04-15,-0.0015601403763075468,-0.0015601403763075468,1.0
2025-04-16,0.004445866132484504,0.004445866132484504,1.0
2025-04-17,-0.003154246202787104,-0.003154246202787104,1.0
2025-04-18,-0.002904819751421754,-0.002904819751421754,1.0
2025-04-19,0.003403557658589277,0.003403557658589277,1.0
2025-04-20,-0.0015622888519391993,-0.0015622888519391993,1.0
2025-04-21,0.0006519703517089341,0.0006519703517089341,1.0
2025-04-22,0.016064556463683783,0.016064556463683783,1.0
2025-04-23,0.0005983041193206844,0.0005983041193206844,1.0
2025-04-24,0.009530309947252538,0.009530309947252538,1.0
2025-04-25,-0.0008222517349099542,-0.0008222517349099542,1.0
2025-04-26,-0.0003492592465683987,-0.0003492592465683987,1.0
2025-04-27,-0.012272061773966262,-0.012272061773966262,1.0
2025-04-28,0.004970110867403181,0.004970110867403181,1.0
2025-04-29,-0.010491910927459049,-0.010491910927459049,1.0
2025-04-30,2.883343641554385e-05,2.883343641554385e-05,1.0
2025-05-01,0.010477698513378245,0.010477698513378245,1.0
2025-05-02,0.0033983634492309837,0.0033983634492309837,1.0
2025-05-03,-0.017511316536954955,-0.017511316536954955,1.0
2025-05-04,-0.012894465608888246,-0.012894465608888246,1.0
2025-05-05,-0.00018145635632717705,-0.0001781010415115292,0.9815089706221257
2025-05-06,0.001726572247442993,0.0016953907773004995,0.9819402459476153
2025-05-07,0.002744552789178078,0.0027157598821734544,0.9895090715259129
2025-05-08,0.062106256842035044,0.06139365378651329,0.9885260665872324
2025-05-09,0.02175652144515879,0.010875331541570237,0.4998653653794546
2025-05-10,0.05395948816647348,0.026099722782617445,0.4836910739793474
2025-05-11,-0.023667652343607463,-0.009537661468824534,0.4029829968074809
2025-05-12,-0.0035180558498060684,-0.00134406665996045,0.3820481303713644
2025-05-13,0.02308878343902149,0.008847820966533857,0.38320862551729273
2025-05-14,-0.03736772504787709,-0.014065635260165615,0.37641133470512683
2025-05-15,-0.03306292998314444,-0.011371334965365042,0.34393004404516403
2025-05-16,-0.008529544278944019,-0.0027719675951541544,0.3249842552546467
2025-05-17,-0.019215710555742446,-0.006219221314865947,0.32365294516821225
2025-05-18,0.029900595618882853,0.00958285562048322,0.32049045920782415
2025-05-19,-0.021706444568561203,-0.006737474759924239,0.3103905265850191
2025-05-20,0.006880735292927732,0.002102880643319418,0.3056185936233929
2025-05-21,0.02823294090011177,0.008620876670089374,0.30534816406799636
2025-05-22,0.05664104031431433,0.016913633660509776,0.29861092887157586
2025-05-23,-0.06023847464798835,-0.01642518335846281,0.2726693106763673
2025-05-24,0.0007916064808124465,0.0001951775565847908,0.246558815921359
2025-05-25,0.011374525217150685,0.0028230805655177133,0.24819326623506263
2025-05-26,-0.002314847772004498,-0.0005741019883015708,0.24800852792338832
2025-05-27,0.005629379452283825,0.0013947882614037926,0.2477694518954359
2025-05-28,5.0887070189468715e-05,1.260876490208135e-05,0.24777934463774226
2025-05-29,-0.018645392967201604,-0.005082162550194187,0.2725693450995656
2025-05-30,-0.050511368956656776,-0.013805931089258356,0.27332324136978087
2025-05-31,0.007119804173891079,0.0020096268084530216,0.2822587193932232
2025-06-01,0.006201330006345751,0.0017617522920728907,0.2840926527487022
2025-06-02,0.004243801976942089,0.0012015356209045761,0.28312716461156695
2025-06-03,-0.0003780270077369475,-0.00010946034070180078,0.289556932339526
2025-06-04,-0.009278510149085081,-0.0027946989506800963,0.30120126030747196
2025-06-05,-0.018770165034685263,-0.005850307457912375,0.3116811944435028
2025-06-06,0.008072264406969896,0.002492538767115706,0.30877813726759923
2025-06-07,0.010767462481918288,0.003353573371542704,0.3114543818633529
2025-06-08,-0.002731497874427924,-0.0008798945427865765,0.32212895020863186
2025-06-09,0.016972520507439418,0.00556508837173612,0.32788815127940624
2025-06-10,0.02120241794473417,0.006876682182732087,0.32433480939092507
2025-06-11,-0.019004950759930108,-0.006259436953575852,0.3293582305287105
2025-06-12,-0.023894265565394927,-0.009306079888840933,0.38946917465915093
2025-06-13,0.0003967739006564976,0.00019084263057135757,0.4809858467393937
2025-06-14,-0.014720453393012029,-0.0070820400755023,0.48110203445664435
2025-06-15,0.005304523206634382,0.0025729546378109175,0.48504918115786844
2025-06-16,0.00539337947714446,0.0025961837415766037,0.48136493131596975
2025-06-17,-0.010497461381624315,-0.005055154175221236,0.4815596829982366
2025-06-18,0.001256589084524651,0.0006035093426072979,0.4802758117508211
2025-06-19,0.006310308670015154,0.003089385647966749,0.489577580039255
2025-06-20,-0.0183007948665284,-0.012083734623872001,0.660284687741776
2025-06-21,-0.009075166200227166,-0.005756245686491419,0.6342854289927309
2025-06-22,-0.007953388562937598,-0.005057789237439864,0.6359288493723184
2025-06-23,0.01269230324363826,0.008096927113872061,0.637939935600772
2025-06-24,0.0014256095920179978,0.0008768552061330804,0.6150738680790319
2025-06-25,0.0020972583285561205,0.0012981003243796605,0.6189510880490108
2025-06-26,-0.0029712709855701917,-0.0019300803848316375,0.6495807330280419
2025-06-27,0.0031624037803602884,0.0020822939975931845,0.65845291816466
2025-06-28,-0.0007214734463979835,-0.0004861315716169394,0.6738038302642902
2025-06-29,0.0030889029611021954,0.002081514918168431,0.6738686661188269
2025-06-30,0.00044125021345300957,0.00031732257680661596,0.7191443021033436
2025-07-01,-0.003905534356973014,-0.003214461022783294,0.8230528089054281
2025-07-02,0.00470945357393223,0.004184461426086711,0.8885237661644111
2025-07-03,-0.0006051306173403233,-0.0006051306173403233,1.0
2025-07-04,-0.004793405090471033,-0.004793405090471033,1.0
2025-07-05,0.0010401708881061106,0.0010401708881061106,1.0
2025-07-06,0.0029652070133163954,0.0029652070133163954,1.0
2025-07-07,-0.00011710078305074987,-0.00011710078305074987,1.0
2025-07-08,0.002403783592705951,0.002403783592705951,1.0
2025-07-09,0.007165268720110589,0.007165268720110589,1.0
2025-07-10,0.025779560618693475,0.025779560618693475,1.0
2025-07-11,0.020401415587813828,0.020401415587813828,1.0
2025-07-12,-0.0045435747439783415,-0.004514814608402762,0.993670152424873
2025-07-13,0.03575505249273274,0.03575505249273274,1.0
2025-07-14,0.016514052320747957,0.01261496156273652,0.763892551490061
2025-07-15,0.002151910382884792,0.0015992915806651551,0.7431961820460148
2025-07-16,0.0277174808334013,0.02060117547466516,0.7432556947902514
2025-07-17,0.04539763305246978,0.03118409342445857,0.6869101168427999
2025-07-18,0.002762172815587324,0.0015355606588123316,0.555924904534195
2025-07-19,0.011598805211821139,0.006494216194659708,0.5599038932079837
2025-07-20,0.020678637293853618,0.011630650307835786,0.5624476188908639
2025-07-21,0.0036578168523859096,0.002052942051312193,0.5612479066504126
2025-07-22,0.0016799732531794498,0.0009635219552801355,0.5735341044606589
2025-07-23,-0.06452888708840944,-0.0367794987937117,0.569969519903869
2025-07-24,-0.008984414469750906,-0.0032987444667216476,0.36716298850949
2025-07-25,0.02831936736130317,0.010329560226128248,0.3647525064505153
2025-07-26,0.01010786950419881,0.0036180495526070638,0.3579438328823028
2025-07-27,0.01639129433373837,0.005877996514089739,0.35860478095320375
2025-07-28,-0.036634527972683024,-0.013170730629910584,0.3595168645200369
2025-07-29,-0.008127846579361843,-0.0026519245854322803,0.3262764078453479
2025-07-30,-0.006894726146097152,-0.0022257070395628026,0.3228129721762325
2025-07-31,-0.036109335717527745,-0.011752858651386403,0.3254797801689128
2025-08-01,-0.032964452683956647,-0.010148952417926705,0.3078756536693862
2025-08-02,-0.02331754146728937,-0.006872082620646149,0.2947172895687368
2025-08-03,0.035955259276329726,0.010884520598733523,0.30272401917844277
2025-08-04,0.04305803467452992,0.012549397948658655,0.2914531061047705
2025-08-05,-0.03590200205230993,-0.00986620879003292,0.2748094319547322
2025-08-06,0.016126936817556087,0.004364491387546039,0.2706336260209547
2025-08-07,0.050307695908589044,0.014475952005584318,0.28774826086027994
2025-08-08,0.017993157878194322,0.004762190558273621,0.26466674668846535
2025-08-09,0.018234556253037482,0.0047992772524994235,0.2631968217872024
2025-08-10,-0.005046646359330721,-0.0013319203001186226,0.2639218612289013
2025-08-11,-0.02166552696216892,-0.005718300881383553,0.263935462606957
2025-08-12,0.05658767557211772,0.014772849023643576,0.26106124477257303
2025-08-13,0.027070465055603853,0.007306489852301037,0.26990632917806195
2025-08-14,-0.07081977241984601,-0.018943159099147906,0.26748404367703693
2025-08-15,-0.014076999737145731,-0.003326467867124047,0.23630517363343545
2025-08-16,0.009606576933402717,0.0022648860851023234,0.23576411252453114
2025-08-17,0.017790854665817077,0.0042120824316739325,0.23675548537681707
2025-08-18,-0.025094917023092397,-0.0060932994383611615,0.2428101050405584
2025-08-19,-0.060425510412915516,-0.014461344219708473,0.23932514795303186
2025-08-20,0.03565032901209933,0.007901557306210947,0.22164051567460277
2025-08-21,-0.024783634784392498,-0.005499176292747669,0.22188740031832527
2025-08-22,0.05858938634767891,0.013134081660219413,0.22417168840580862
2025-08-23,-0.013587732467313665,-0.0029197875680175432,0.2148840930627179
2025-08-24,-0.012723466420328315,-0.002764841566615435,0.21730253967566895
2025-08-25,-0.0845172750148912,-0.01888032267985839,0.2233901019233268
2025-08-26,0.02494639318491734,0.005010835318849766,0.20086412018388822
2025-08-27,-0.006379830152733128,-0.0012735801183006536,0.1996260226073652
2025-08-28,0.013803971871886892,0.0028864815919346473,0.20910514877339348
2025-08-29,-0.03909626574400834,-0.008199185435504337,0.20971786638627746
2025-08-30,0.0027141745049368,0.0005633023157708498,0.20754093546537325
2025-08-31,-0.0002534665795473642,-5.25285715898166e-05,0.20724062195347853
2025-09-01,-0.009759268638699407,-0.00203036836887266,0.20804513576165296
2025-09-02,0.01931234294951222,0.004335722035506318,0.22450523206019535
2025-09-03,0.005055815418466226,0.0011467379762396216,0.22681563334990293
2025-09-04,-0.019185754224152526,-0.004758001819360642,0.24799660017383615
2025-09-05,0.0030860232167371775,0.0007631205817680438,0.24728283884230912
2025-09-06,-0.005877613573099623,-0.0014590715614778535,0.2482421723257993
2025-09-07,0.007944157147697315,0.0020013919583902794,0.2519325739887209
2025-09-08,0.007959388040882667,0.0020137243728008377,0.2529998992959669
2025-09-09,-0.0017416748898602898,-0.0004810578667691381,0.27620416965862477
2025-09-10,0.011501852168620185,0.003332758105231779,0.2897583846821074
2025-09-11,0.010227917056445596,0.002992027242759991,0.2925353448065387
2025-09-12,0.02311191954114015,0.007817188434466597,0.3382318989364637
2025-09-13,0.015889395436311432,0.005230686506984217,0.3291935510038807
2025-09-14,-0.027638738205214727,-0.00902254217869449,0.326445516857646
2025-09-15,-0.018006556680748548,-0.008811123333650367,0.4893286090099976
2025-09-16,0.012113052507711192,0.006068778531713005,0.501011493828629
2025-09-17,0.025926971482322893,0.012856276128964613,0.49586493886222194
2025-09-18,0.013573968977056823,0.006441387855623622,0.47453975079146504
2025-09-19,-0.031509989474999195,-0.01778662700164693,0.5644758153841746
2025-09-20,0.008779077846802126,0.0043350905919813856,0.4937979441155644
2025-09-21,-0.007036425427592848,-0.0034625282997221216,0.4920862638782556
2025-09-22,-0.030492800936479547,-0.015094178779968975,0.49500794667607295
2025-09-23,0.002942750326607657,0.0013649299105168095,0.4638279701051883
2025-09-24,0.005417438609253338,0.002516351147211643,0.4644909391153139
2025-09-25,-0.04520475180818382,-0.021717699858183455,0.48042957851726786
2025-09-26,0.019057635200535297,0.007786604488051268,0.40858188364485826
2025-09-27,-0.004088478717357835,-0.0016319615415935124,0.3991610705138174
2025-09-28,0.022608548979635993,0.009053896478095616,0.40046340374389594
2025-09-29,0.01594162237923414,0.006204795798460152,0.3892198454369762
2025-09-30,-0.005584832235044139,-0.002144177126084454,0.38392865458518244
2025-10-01,0.06570140084683473,0.02534035243439856,0.3856896825301004
2025-10-02,0.024333298347835392,0.0076999012292088545,0.31643475204806387
2025-10-03,0.007308204469555528,0.0023078547801518266,0.31578957454814977
2025-10-04,0.015831784338624044,0.005029898623512369,0.3177088896569395
2025-10-05,0.013208053112046134,0.004349100966363422,0.3292764595560957
2025-10-06,0.0041912245346607145,0.0014116596042860613,0.33681316584494014
2025-10-07,-0.04497433806065712,-0.015169070397861632,0.33728279396581734
2025-10-08,0.03746141975844032,0.01162899763118091,0.31042597173751846
2025-10-09,-0.0025510446736951922,-0.0007607066519006338,0.29819417109569823
2025-10-10,-0.0607435652111149,-0.01898378754472257,0.31252343320225306
2025-10-11,0.017626874699751844,0.004788086272799796,0.2716355766043543
2025-10-12,0.03742263697974645,0.010120420524804297,0.2704357934552175
2025-10-13,-0.003002854988494267,-0.0008158102109168063,0.27167819093584705
2025-10-14,-0.02179030338757519,-0.005906977467262488,0.2710828464476837
2025-10-15,-0.015344161856099834,-0.004071331742854567,0.26533425422882073
2025-10-16,-0.021950442744634858,-0.006214300429515337,0.2831059264640227
2025-10-17,-0.002752267918233783,-0.0007659200617606678,0.2782868835866033
2025-10-18,0.0032425900822112483,0.0009029414584483565,0.2784630297248691
2025-10-19,0.00950522309261481,0.0026772303387873294,0.2816588640478553
2025-10-20,0.019321314652607738,0.005464027482525401,0.2827979141568371
2025-10-21,-0.012605544937887037,-0.003545464096407114,0.28126226306574975
2025-10-22,-0.011648708155139817,-0.0037712336837436074,0.3237469454567464
2025-10-23,0.005266917251948354,0.0017431828391864298,0.33096833608722187
2025-10-24,0.007974266571558832,0.002643043779876036,0.3314466297505987
2025-10-25,0.0022329013695177964,0.0007473511001586197,0.33469955742828583
2025-10-26,0.03184735258410391,0.010768328514702984,0.33812319206959196
2025-10-27,0.000849052908116771,0.00027341363239338524,0.32202190202707887
2025-10-28,-0.010678250300797642,-0.00377231184881884,0.3532705960766865
2025-10-29,0.00642561394686553,0.002436928725807513,0.379252277830396
2025-10-30,-0.0076119050926907956,-0.002877500390260447,0.37802630947455174
2025-10-31,0.018295656058452733,0.009126834091479722,0.4988525179048201
2025-11-01,0.01599156990817044,0.007960016295483036,0.49776328035286216
2025-11-02,0.01430769759056754,0.008061802915207384,0.5634591354881717
2025-11-03,0.01182412911391295,0.006531503005279756,0.5523876593663388
2025-11-04,0.00013147991428220698,7.753554156105263e-05,0.5897139649378781
2025-11-05,-0.0029810601484402694,-0.0018509472313876841,0.6209023432003291
2025-11-06,0.013716284344365596,0.009527351093089302,0.6946014572089976
2025-11-07,0.008116385895727815,0.005633175529972762,0.694049741146225
2025-11-08,-0.01690879842637176,-0.011740303095364037,0.6943310103604586
2025-11-09,0.004652593516403995,0.0029650003951492703,0.6372790540792673
2025-11-10,-0.02251460409033877,-0.014910617194585469,0.662264241234593
2025-11-11,-0.029400427021309877,-0.018156861295576882,0.6175713462398527
2025-11-12,0.003399840074244134,0.0018715518766198843,0.550482327330051
2025-11-13,-0.001568033707682918,-0.0008638900235287578,0.5509384264483238
2025-11-14,0.017003389154957416,0.009388979554142383,0.5521828306449708
2025-11-15,0.025246628815427292,0.01358595303175558,0.5381293926836561
2025-11-16,-0.003078741125248563,-0.001727780359127286,0.5611970246403205
2025-11-17,-0.010591230436231433,-0.005923407321472864,0.5592747091225152
2025-11-18,-0.0008998933602923404,-0.0005034304983879989,0.5594335069040335
2025-11-19,0.0020268157039668535,0.001135396527998692,0.560187354862364
2025-11-20,-0.00888548429164573,-0.005038349132595582,0.5670314602134536
2025-11-21,-0.017094182476250164,-0.00990927044034527,0.5796867123720444
2025-11-22,-0.005908150325821132,-0.0034033502647725527,0.5760432753206132
2025-11-23,0.0055599022308391545,0.003300826628712576,0.5936842936560744
2025-11-24,-0.004610320449981242,-0.0027902192580846873,0.6052115657374836
2025-11-25,-0.0023917078639384493,-0.001447240524155231,0.6051075660101922
2025-11-26,0.010116396353049709,0.006122006442337976,0.6051568393217832
2025-11-27,-0.008887695913722755,-0.005462103445603246,0.614569118771229
2025-11-28,-0.006355192948579433,-0.003956018510976725,0.6224859800458156
2025-11-29,-0.0019390428047097602,-0.001243264174172855,0.641174176842862
2025-11-30,-0.005349396151829036,-0.003462240278785632,0.6472207667031431
2025-12-01,-0.01731222752361095,-0.012027167479924532,0.694720968952234
2025-12-02,-0.0023123756593738205,-0.001799763514448601,0.7783179636720305
2025-12-03,0.006474511342128679,0.005071536019676062,0.7833079211208317
2025-12-04,0.0006814440860473076,0.0005252029296102,0.770720504240665
2025-12-05,-0.0047377474632323184,-0.004004271627893683,0.8451846914528822
2025-12-06,0.001696300758213972,0.001696300758213972,1.0
2025-12-07,-3.9610502518675796e-05,-3.9610502518675796e-05,1.0
2025-12-08,0.007895634029432422,0.007895634029432422,1.0
2025-12-09,0.003391589384108248,0.003391589384108248,1.0
2025-12-10,-0.0060465134098748735,-0.0060465134098748735,1.0
2025-12-11,0.004627264737057546,0.004627264737057546,1.0
2025-12-12,-0.00011567237765942229,-0.00011567237765942229,1.0
2025-12-13,-0.0022547081932633314,-0.0022547081932633314,1.0
2025-12-14,-0.009124914900909449,-0.009124914900909449,1.0
2025-12-15,-0.0020130603514221285,-0.0020130603514221285,1.0
2025-12-16,0.0005678072448552673,0.0005678072448552673,1.0
2025-12-17,-0.0022455258537979177,-0.0022455258537979177,1.0
2025-12-18,0.003377042068034967,0.003377042068034967,1.0
2025-12-19,0.011727332162292306,0.011727332162292306,1.0
2025-12-20,-0.003252062646050121,-0.003252062646050121,1.0
2025-12-21,-0.0005496998832705528,-0.0005496998832705528,1.0
2025-12-22,-0.0008079821541996158,-0.0008079821541996158,1.0
2025-12-23,-0.003126820645158127,-0.003126820645158127,1.0
2025-12-24,0.002058407517240505,0.002058407517240505,1.0
2025-12-25,0.0016927925144526498,0.0016927925144526498,1.0
2025-12-26,0.0013367810798721772,0.0013367810798721772,1.0
2025-12-27,0.008242548883161843,0.008242548883161843,1.0
2025-12-28,0.00031887872069127167,0.00031887872069127167,1.0
2025-12-29,-0.0030584321821709114,-0.0030584321821709114,1.0
2025-12-30,-0.0008513370449649764,-0.0008513370449649764,1.0
2025-12-31,-0.0014703740958780722,-0.0014703740958780722,1.0
2026-01-01,0.0015498571349619478,0.0015498571349619478,1.0
2026-01-02,-0.0009265666848901179,-0.0009265666848901179,1.0
2026-01-03,0.006658448074153872,0.006658448074153872,1.0
2026-01-04,-0.0018959669564722911,-0.0018959669564722911,1.0
2026-01-05,0.00153770463129689,0.00153770463129689,1.0
2026-01-06,-0.0012386911468851144,-0.0012386911468851144,1.0
2026-01-07,-0.008133796020923624,-0.008133796020923624,1.0
2026-01-08,-0.0048991083642256315,-0.0048991083642256315,1.0
2026-01-09,0.0005839748420284823,0.0005839748420284823,1.0
2026-01-10,-0.0012422753462576635,-0.0012422753462576635,1.0
2026-01-11,-2.0408233261385764e-05,-2.0408233261385764e-05,1.0
2026-01-12,-0.0007965853887146988,-0.0007965853887146988,1.0
2026-01-13,0.0041397903652361815,0.0041397903652361815,1.0
2026-01-14,0.012668853656532267,0.012668853656532267,1.0
2026-01-15,-0.0037500687706124333,-0.0037500687706124333,1.0
2026-01-16,0.003997641328262372,0.003997641328262372,1.0
2026-01-17,-0.007313503798968846,-0.007313503798968846,1.0
2026-01-18,-0.0008797585149614746,-0.0008797585149614746,1.0
2026-01-19,-0.00705545402609913,-0.00705545402609913,1.0
2026-01-20,-0.0176074397573636,-0.0176074397573636,1.0
2026-01-21,-0.0003067917726143065,-0.0003067917726143065,1.0
2026-01-22,-0.0013839170495077403,-0.0013839170495077403,1.0
2026-01-23,0.0037777485736431096,0.0037777485736431096,1.0
2026-01-24,-0.0059368548596338555,-0.0059368548596338555,1.0
2026-01-25,-0.011893924523074162,-0.011893924523074162,1.0
2026-01-26,0.00744076671727007,0.00744076671727007,1.0
2026-01-27,0.00814773749625857,0.00814773749625857,1.0
2026-01-28,-0.007043075055500145,-0.007043075055500145,1.0
2026-01-29,-0.012591810339408824,-0.012591810339408824,1.0
2026-01-30,-0.005429730696002113,-0.005429730696002113,1.0
2026-01-31,-0.016504890887722,-0.016504890887722,1.0
2026-02-01,-0.0004303745331425226,-0.0004228564692473635,0.9825313458018451
2026-02-02,-0.0012236444880387998,-0.0012014791821103028,0.981885828649445
2026-02-03,-5e-05,-5e-05,1.0
2026-02-04,0.0,0.0,1.0
2026-02-05,0.0,0.0,1.0
2026-02-06,0.0,0.0,1.0
2026-02-07,0.0,0.0,1.0
2026-02-08,0.0,0.0,1.0
2026-02-09,0.0,0.0,1.0
2026-02-10,0.0,0.0,1.0
2026-02-11,0.0,0.0,1.0
2026-02-12,0.0,0.0,1.0
2026-02-13,0.0,0.0,1.0
2026-02-14,-0.00012272856281264434,-0.00012272856281264434,1.0
2026-02-15,-0.003247398048860941,-0.003247398048860941,1.0
2026-02-16,0.0008783356225451215,0.0008783356225451215,1.0
2026-02-17,-0.0003323193782638567,-0.0003323193782638567,1.0
2026-02-18,-0.0003327058099195979,-0.0003327058099195979,1.0
2026-02-19,0.00014829697665517857,0.00014829697665517857,1.0
2026-02-20,0.00012680382911844183,0.00012680382911844183,1.0
2026-02-21,0.00010141446490525842,0.00010141446490525842,1.0
2026-02-22,0.0003908282484272293,0.0003908282484272293,1.0
2026-02-23,-0.004388963888937592,-0.004388963888937592,1.0
2026-02-24,-5e-05,-5e-05,1.0
2026-02-25,0.0,0.0,1.0
2026-02-26,0.0,0.0,1.0
2026-02-27,0.0,0.0,1.0
2026-02-28,0.0,0.0,1.0
2026-03-01,0.0,0.0,1.0
2026-03-02,0.0,0.0,1.0
2026-03-03,0.0,0.0,1.0
2026-03-04,0.0,0.0,1.0
2026-03-05,0.0,0.0,1.0
2026-03-06,0.0,0.0,1.0
2026-03-07,0.0,0.0,1.0
2026-03-08,0.0,0.0,1.0
2026-03-09,0.0,0.0,1.0
2026-03-10,0.0,0.0,1.0
2026-03-11,0.0,0.0,1.0
2026-03-12,0.0,0.0,1.0
2026-03-13,0.0,0.0,1.0
2026-03-14,0.0004443743607228084,0.0004443743607228084,1.0
2026-03-15,9.85497508259122e-05,9.85497508259122e-05,1.0
2026-03-16,-0.0007601463839480182,-0.0007601463839480182,1.0
2026-03-17,0.0025619321708707067,0.0025619321708707067,1.0
2026-03-18,-0.0005086403651776891,-0.0005086403651776891,1.0
2026-03-19,-0.00021684846891839953,-0.00021684846891839953,1.0
2026-03-20,0.001331707156277817,0.001331707156277817,1.0
2026-03-21,0.0005170797918753856,0.0005170797918753856,1.0
2026-03-22,-0.00035061839250018304,-0.00035061839250018304,1.0
2026-03-23,-0.00047712692220896655,-0.00047712692220896655,1.0
2026-03-24,-0.00048489571495059135,-0.00048489571495059135,1.0
2026-03-25,0.0018665707214426657,0.0018665707214426657,1.0
2026-03-26,-0.0006193854932281306,-0.0006193854932281306,1.0
2026-03-27,-4.068043378188483e-05,-4.068043378188483e-05,1.0
2026-03-28,0.001099042354907128,0.001099042354907128,1.0
2026-03-29,0.0011128323480130338,0.0011128323480130338,1.0
2026-03-30,-0.00036692683230199474,-0.00036692683230199474,1.0
2026-03-31,-0.0013903654138786397,-0.0013903654138786397,1.0
2026-04-01,0.00047048805151950944,0.00047048805151950944,1.0
2026-04-02,-5.707762557077464e-05,-5.707762557077464e-05,1.0
2026-04-03,0.0,0.0,1.0
2026-04-04,0.0004718228654246944,0.0004718228654246944,1.0
2026-04-05,0.0002773225765788497,0.0002773225765788497,1.0
2026-04-06,-0.0004895807180517113,-0.0004895807180517113,1.0
2026-04-07,-0.00019601644008853116,-0.00019601644008853116,1.0
2026-04-08,0.0010214196237169906,0.0010214196237169906,1.0
2026-04-09,0.009456499981245425,0.009456499981245425,1.0
2026-04-10,0.0013404177109886874,0.0013404177109886874,1.0
2026-04-11,-0.00024552529116997145,-0.00024552529116997145,1.0
2026-04-12,-0.008715340413932479,-0.008715340413932479,1.0
2026-04-13,0.0017015826683163112,0.0017015826683163112,1.0
2026-04-14,-0.007312049982636302,-0.007312049982636302,1.0
2026-04-15,-0.0011396188321193563,-0.0011396188321193563,1.0
2026-04-16,-0.002091161819446097,-0.002091161819446097,1.0
2026-04-17,-0.002124619686761668,-0.002124619686761668,1.0
2026-04-18,-0.004765242797390073,-0.004765242797390073,1.0
2026-04-19,-0.007004585796778387,-0.007004585796778387,1.0
2026-04-20,0.004687482526005082,0.004687482526005082,1.0
2026-04-21,0.00011981473811373267,0.00011981473811373267,1.0
2026-04-22,-0.001264778005457449,-0.001264778005457449,1.0
2026-04-23,0.0071414773921320155,0.0071414773921320155,1.0
2026-04-24,0.0011462298990537044,0.0011462298990537044,1.0
2026-04-25,-0.00176269253506273,-0.00176269253506273,1.0
2026-04-26,0.0007121808189548348,0.0007121808189548348,1.0
2026-04-27,0.0016872067929643486,0.0016872067929643486,1.0
2026-04-28,-0.0016360965578132419,-0.0016360965578132419,1.0
2026-04-29,-0.0007938723523696771,-0.0007938723523696771,1.0
2026-04-30,0.0028311516890492786,0.0028311516890492786,1.0
2026-05-01,0.003615813997417831,0.003615813997417831,1.0
2026-05-02,1.765160309671887e-05,1.765160309671887e-05,1.0
2026-05-03,0.006034778845194656,0.006034778845194656,1.0
2026-05-04,0.008918457441686128,0.008918457441686128,1.0
2026-05-05,0.03232347992559282,0.03232347992559282,1.0
2026-05-06,0.013915260446704686,0.013909064122731362,0.9995547101689505
2026-05-07,0.0027625462077301177,0.0026558481040371376,0.9613768980969734
2026-05-08,0.0189529512613388,0.018424091969559808,0.972096203673684
2026-05-09,-0.00891479732298079,-0.008219898423505824,0.922051071460297
2026-05-10,0.00583445921603572,0.005293001412225622,0.9071965740506116
2026-05-11,-0.01384736901820901,-0.012555485375673804,0.9067054802369746
2026-05-12,-0.0065717454607805495,-0.005424341512662282,0.8254034708182403
2026-05-13,-0.0220993905838958,-0.017843993664085966,0.8074427933360835
2026-05-14,0.009508344263695496,0.006680869174420185,0.7026322342922415
2026-05-15,-0.025940514022118905,-0.01804851417271742,0.6957654793319765
2026-05-16,-0.006058449183403485,-0.003696455802737614,0.6101323442414414
2026-05-17,0.0017001365774620043,0.0010291988530396082,0.6053624553952104
2026-05-18,0.009551148274978861,0.0057818917642221326,0.6053609050724248
2026-05-19,0.0005456472843193673,0.00032744048562538563,0.6000955104795037
2026-05-20,0.0315282841496534,0.01893290980207858,0.6005055559703434
2026-05-21,0.005957917608302055,0.0032018510105450405,0.5374110924399867
2026-05-22,-0.01308055850762164,-0.007023322535367792,0.5369283376757589
2026-05-23,0.02072025179062247,0.010817874451359951,0.5220918433170723
2026-05-24,0.0023540621238234256,0.0011893111681080609,0.5052165599505942
2026-05-25,0.009830016363717171,0.004983349652063537,0.5069523251718279
2026-05-26,-0.014019749758820985,-0.007825858953120398,0.558202470639428
2026-05-27,-0.006939611140176556,-0.00384166664306245,0.553585289645597
2026-05-28,-0.005865052039282305,-0.0032290869171232315,0.5505640692522088
2026-05-29,0.013101153924570938,0.007553157619406406,0.5765261337202228
2026-05-30,-0.010716748748375998,-0.006077137822481499,0.5670691704330962
2026-05-31,0.01651545081958433,0.009291972097122693,0.5626229764254512
2026-06-01,-0.002288951142345902,-0.0012721243730001957,0.5557673772348063
2026-06-02,-0.0022026094869292833,-0.0012308105643080525,0.5587965418345484
2026-06-03,0.0005780526090932567,0.0003472436455676032,0.6007128764841932
2026-06-04,-0.03521205250269152,-0.02135175052035819,0.6063761979999921
2026-06-05,-0.01603580195255796,-0.008971203767303587,0.5594484013861584
2026-06-06,-0.002024729307535582,-0.001100854999637213,0.5437047784807979
2026-06-07,0.003405430425790381,0.0018509368653264397,0.5435250860827227
